Workbook

Sheet Control_Panel
A1: Control Parameter | B1: Configured Value / Status | C1: Operational Rule / Verification Evidence | D1: Layer Owner | E1: Status | F1: Audit Count
A2: Project Name & Version | B2: SettlementIQ v1.0.0-SYNTHETIC-10K | C2: Deterministic FinTech Reconciliation Suite (Seed=42) | D2: System Governance | E2: ACTIVE | F2: 1
A3: Current Reporting Period | B3: 2026-09-01 to 2026-10-25 | C3: 50-day synthetic transaction & settlement window | D3: Finance Operations | E3: ACTIVE | F3: 50
A4: Selected Reconciliation Run ID | B4: RUN_20261025_001 | C4: Authoritative SQL Engine Run (RULE_SET_2026_10_v1) | D4: PostgreSQL / SQLite | E4: COMPLETED | F4: 10000
A5: Configured Amount Tolerance (R2) | B5: 1.00 INR | C5: Project assumption for INR minor rounding variance only | D5: Config!B2 | E5: APPROVED | F5: 360
A6: Configured SLA Window (R4) | B6: 2 Business Days (Mon-Fri) | C6: Standard T+1 / T+2 settlement window threshold | D6: Config!B3 | E6: APPROVED | F6: 2
A7: Currency Governance Policy | B7: INR Single-Currency Policy | C7: 8 foreign currency rows (4 USD, 4 EUR) quarantined at staging | D7: Data_Quality | E7: PASS | F7: 8
A8: Source Record Verification | B8: 9,955 Txns | 10,090 Stls | 10,070 Bank | 250 Refunds | C8: 45 quarantined + 50 duplicate replay rows suppressed idempotently | D8: modValidation | E8: PASS | F8: 30390
A9: Financial Control-Total Status | B9: 0.00 INR Unexplained Difference | C9: Raw INR Gross = Validated + Quarantined + Suppressed Replay | D9: financial_controls.csv | E9: PASS | F9: 0
A10: Reconciliation Engine Status | B10: 9,200 Matched (93.07%) | 800 Exceptions | C10: 100.00% agreement with 10,000-case isolated ground truth | D10: Reconciliation | E10: COMPLETED | F10: 9200
A11: VBA Macro Integration Status | B11: 8 Source Modules (.bas) Delivered in excel/vba_source/ | C11: Requires Desktop Microsoft Excel on Windows/macOS to run VBA | D11: excel/vba_source/ | E11: PENDING | F11: 8

Sheet Executive_Dashboard
A1: Exception Category | B1: Applied Rule | C1: Total Exceptions | D1: Unresolved Count | E1: Resolved Count | F1: Expected Net (INR) | G1: Observed Net (INR) | H1: Unresolved Exposure (INR) | I1: Exposure Share [Auto]
A2: MISSING_SETTLEMENT | B2: R7_MISSING | C2: 140 | D2: 115 | E2: 25 | F2: 1266745.2 | G2: 0 | H2: 1073397.7 | I2: =H2/$H$20 -> 0.28604787
A3: MISSING_LEDGER | B3: R7_MISSING | C3: 70 | D3: 70 | E3: 0 | F3: 0 | G3: 764719.96 | H3: 764719.96 | I3: =H3/$H$20 -> 0.20378889
A4: DUPLICATE_CONFIRMED | B4: R6_DUPLICATE | C4: 100 | D4: 80 | E4: 20 | F4: 917182.4 | G4: 1834364.8 | H4: 672762.41 | I4: =H4/$H$20 -> 0.17928328
A5: PARTIALLY_SETTLED | B5: R5_PARTIAL | C5: 60 | D5: 60 | E5: 0 | F5: 702066.04 | G5: 421239.62 | H5: 280826.42 | I5: =H5/$H$20 -> 0.074836942
A6: AMBIGUOUS_MATCH | B6: R8_AMBIGUOUS | C6: 35 | D6: 35 | E6: 0 | F6: 170213.58 | G6: 0 | H6: 170213.58 | I6: =H6/$H$20 -> 0.045359919
A7: MISSING_BANK_ENTRY | B7: R7_MISSING | C7: 30 | D7: 30 | E7: 0 | F7: 138177.61 | G7: 0 | H7: 138177.61 | I7: =H7/$H$20 -> 0.03682271
A8: MALFORMED_AMOUNT | B8: DQ_VALIDATION | C8: 10 | D8: 10 | E8: 0 | F8: 111271.96 | G8: 0 | H8: 111271.96 | I8: =H8/$H$20 -> 0.02965267
A9: INVALID_CURRENCY | B9: DQ_VALIDATION | C9: 8 | D9: 8 | E9: 0 | F9: 110638.9 | G9: 0 | H9: 110638.9 | I9: =H9/$H$20 -> 0.029483967
A10: MISSING_MANDATORY_FIELD | B10: DQ_VALIDATION | C10: 10 | D10: 10 | E10: 0 | F10: 94338.84 | G10: 0 | H10: 94338.84 | I10: =H10/$H$20 -> 0.025140193
A11: MISSING_DATE | B11: DQ_VALIDATION | C11: 7 | D11: 7 | E11: 0 | F11: 87951.19 | G11: 0 | H11: 87951.19 | I11: =H11/$H$20 -> 0.023437959
A12: INVALID_IDENTIFIER | B12: DQ_VALIDATION | C12: 10 | D12: 10 | E12: 0 | F12: 77395.77 | G12: 0 | H12: 77395.77 | I12: =H12/$H$20 -> 0.020625063
A13: UNREVERSED_REFUND | B13: R9_REFUND | C13: 15 | D13: 15 | E13: 0 | F13: 237944.01 | G13: 177120.98 | H13: 60823.03 | I13: =H13/$H$20 -> 0.016208623
... A19: TIMING_EXCEPTION | B19: R4_TIMING | C19: 60 | D19: 60 | E19: 0 | F19: 532393.93 | G19: 532393.93 | H19: 0 | I19: =H19/$H$20 -> 0
A20: Total | B20: ALL | C20: =SUM(C2:C19) -> 800 | D20: =SUM(D2:D19) -> 705 | E20: =SUM(E2:E19) -> 95 | F20: =SUM(F2:F19) -> 6420007.8 | G20: =SUM(G2:G19) -> 5685527.5 | H20: =SUM(H2:H19) -> 3752510.6 | I20: =SUM(I2:I19) -> 1

Sheet Transactions
A1: Transaction ID | B1: Customer ID | C1: Merchant ID | D1: Payment Reference | E1: Transaction Date | F1: Currency | G1: Gross Amount | H1: Transaction Fee | I1: Expected Net Amount | J1: Fee Check [Auto]
A2: TXN_2026_000001 | B2: CUST_10018 | C2: MERCH_1001 | D2: PAYREF_202600001 | E2: 2026-09-01 | F2: INR | G2: 423.29 | H2: 11.35 | I2: 411.94 | J2: =ROUND(G2-H2-I2, 2) -> 0
A3: TXN_2026_000001 | B3: CUST_10018 | C3: MERCH_1001 | D3: PAYREF_202600001 | E3: 2026-09-01 | F3: INR | G3: 423.29 | H3: 11.35 | I3: 411.94 | J3: =ROUND(G3-H3-I3, 2) -> 0
A4: TXN_2026_000002 | B4: CUST_10035 | C4: MERCH_1002 | D4: PAYREF_202600002 | E4: 2026-09-02 | F4: INR | G4: 596.58 | H4: 11.62 | I4: 584.96 | J4: =ROUND(G4-H4-I4, 2) -> 0
A5: TXN_2026_000002 | B5: CUST_10035 | C5: MERCH_1002 | D5: PAYREF_202600002 | E5: 2026-09-02 | F5: INR | G5: 596.58 | H5: 11.62 | I5: 584.96 | J5: =ROUND(G5-H5-I5, 2) -> 0
A6: TXN_2026_000003 | B6: CUST_10052 | C6: MERCH_1003 | D6: PAYREF_202600003 | E6: 2026-09-03 | F6: INR | G6: 769.87 | H6: 23.53 | I6: 746.34 | J6: =ROUND(G6-H6-I6, 2) -> 0
A7: TXN_2026_000003 | B7: CUST_10052 | C7: MERCH_1003 | D7: PAYREF_202600003 | E7: 2026-09-03 | F7: INR | G7: 769.87 | H7: 23.53 | I7: 746.34 | J7: =ROUND(G7-H7-I7, 2) -> 0
A8: TXN_2026_000004 | B8: CUST_10069 | C8: MERCH_1004 | D8: PAYREF_202600004 | E8: 2026-09-04 | F8: INR | G8: 942.16 | H8: 21.82 | I8: 920.34 | J8: =ROUND(G8-H8-I8, 2) -> 0
A9: TXN_2026_000004 | B9: CUST_10069 | C9: MERCH_1004 | D9: PAYREF_202600004 | E9: 2026-09-04 | F9: INR | G9: 942.16 | H9: 21.82 | I9: 920.34 | J9: =ROUND(G9-H9-I9, 2) -> 0
A10: TXN_2026_000005 | B10: CUST_10086 | C10: MERCH_1005 | D10: PAYREF_202600005 | E10: 2026-09-05 | F10: INR | G10: 1115.45 | H10: 29.28 | I10: 1086.17 | J10: =ROUND(G10-H10-I10, 2) -> 0
A11: TXN_2026_000005 | B11: CUST_10086 | C11: MERCH_1005 | D11: PAYREF_202600005 | E11: 2026-09-05 | F11: INR | G11: 1115.45 | H11: 29.28 | I11: 1086.17 | J11: =ROUND(G11-H11-I11, 2) -> 0
A12: TXN_2026_000006 | B12: CUST_10103 | C12: MERCH_1006 | D12: PAYREF_202600006 | E12: 2026-09-06 | F12: INR | G12: 1288.74 | H12: 31.26 | I12: 1257.48 | J12: =ROUND(G12-H12-I12, 2) -> 0
A13: TXN_2026_000006 | B13: CUST_10103 | C13: MERCH_1006 | D13: PAYREF_202600006 | E13: 2026-09-06 | F13: INR | G13: 1288.74 | H13: 31.26 | I13: 1257.48 | J13: =ROUND(G13-H13-I13, 2) -> 0
... A201: TXN_2026_000175 | B201: CUST_12976 | C201: MERCH_1025 | D201: PAYREF_202600175 | E201: 2026-09-25 | F201: INR | G201: 12275.75 | H201: 219.06 | I201: 12056.69 | J201: =ROUND(G201-H201-I201, 2) -> 0
A202: Total | B202: ALL | C202: ALL | D202: ALL | E202: ALL | F202: ALL | G202: =SUM(G2:G201) -> 1493024.2 | H202: =SUM(H2:H201) -> 33180.66 | I202: =SUM(I2:I201) -> 1459843.6 | J202: =SUM(J2:J201) -> 0

Sheet Settlements
A1: Settlement ID | B1: Settlement Ref | C1: Transaction ID | D1: Merchant ID | E1: Batch ID | F1: Settlement Date | G1: Gross Amount | H1: Fee Amount | I1: Net Settlement | J1: Net Check [Auto]
A2: STL_2026_000001 | B2: STLREF_000001 | C2: TXN_2026_000001 | D2: MERCH_1001 | E2: BATCH_AXIS_20260902 | F2: 2026-09-02 | G2: 423.29 | H2: 11.35 | I2: 411.94 | J2: =ROUND(G2-H2-I2, 2) -> 0
A3: STL_2026_000001 | B3: STLREF_000001 | C3: TXN_2026_000001 | D3: MERCH_1001 | E3: BATCH_AXIS_20260902 | F3: 2026-09-02 | G3: 423.29 | H3: 11.35 | I3: 411.94 | J3: =ROUND(G3-H3-I3, 2) -> 0
A4: STL_2026_000002 | B4: STLREF_000002 | C4: TXN_2026_000002 | D4: MERCH_1002 | E4: BATCH_HDFC_20260903 | F4: 2026-09-03 | G4: 596.58 | H4: 11.62 | I4: 584.96 | J4: =ROUND(G4-H4-I4, 2) -> 0
A5: STL_2026_000002 | B5: STLREF_000002 | C5: TXN_2026_000002 | D5: MERCH_1002 | E5: BATCH_HDFC_20260903 | F5: 2026-09-03 | G5: 596.58 | H5: 11.62 | I5: 584.96 | J5: =ROUND(G5-H5-I5, 2) -> 0
A6: STL_2026_000003 | B6: STLREF_000003 | C6: TXN_2026_000003 | D6: MERCH_1003 | E6: BATCH_ICIC_20260907 | F6: 2026-09-07 | G6: 769.87 | H6: 23.53 | I6: 746.34 | J6: =ROUND(G6-H6-I6, 2) -> 0
A7: STL_2026_000003 | B7: STLREF_000003 | C7: TXN_2026_000003 | D7: MERCH_1003 | E7: BATCH_ICIC_20260907 | F7: 2026-09-07 | G7: 769.87 | H7: 23.53 | I7: 746.34 | J7: =ROUND(G7-H7-I7, 2) -> 0
A8: STL_2026_000004 | B8: STLREF_000004 | C8: TXN_2026_000004 | D8: MERCH_1004 | E8: BATCH_RAZO_20260908 | F8: 2026-09-08 | G8: 942.16 | H8: 21.82 | I8: 920.34 | J8: =ROUND(G8-H8-I8, 2) -> 0
A9: STL_2026_000004 | B9: STLREF_000004 | C9: TXN_2026_000004 | D9: MERCH_1004 | E9: BATCH_RAZO_20260908 | F9: 2026-09-08 | G9: 942.16 | H9: 21.82 | I9: 920.34 | J9: =ROUND(G9-H9-I9, 2) -> 0
A10: STL_2026_000005 | B10: STLREF_000005 | C10: TXN_2026_000005 | D10: MERCH_1005 | E10: BATCH_AXIS_20260908 | F10: 2026-09-08 | G10: 1115.45 | H10: 29.28 | I10: 1086.17 | J10: =ROUND(G10-H10-I10, 2) -> 0
A11: STL_2026_000005 | B11: STLREF_000005 | C11: TXN_2026_000005 | D11: MERCH_1005 | E11: BATCH_AXIS_20260908 | F11: 2026-09-08 | G11: 1115.45 | H11: 29.28 | I11: 1086.17 | J11: =ROUND(G11-H11-I11, 2) -> 0
A12: STL_2026_000006 | B12: STLREF_000006 | C12: TXN_2026_000006 | D12: MERCH_1006 | E12: BATCH_HDFC_20260908 | F12: 2026-09-08 | G12: 1288.74 | H12: 31.26 | I12: 1257.48 | J12: =ROUND(G12-H12-I12, 2) -> 0
A13: STL_2026_000006 | B13: STLREF_000006 | C13: TXN_2026_000006 | D13: MERCH_1006 | E13: BATCH_HDFC_20260908 | F13: 2026-09-08 | G13: 1288.74 | H13: 31.26 | I13: 1257.48 | J13: =ROUND(G13-H13-I13, 2) -> 0
... A201: STL_2026_000175 | B201: STLREF_000175 | C201: TXN_2026_000175 | D201: MERCH_1025 | E201: BATCH_AXIS_20260928 | F201: 2026-09-28 | G201: 12275.75 | H201: 219.06 | I201: 12056.69 | J201: =ROUND(G201-H201-I201, 2) -> 0
A202: Total | B202: ALL | C202: ALL | D202: ALL | E202: ALL | F202: ALL | G202: =SUM(G2:G201) -> 1493024.2 | H202: =SUM(H2:H201) -> 33180.66 | I202: =SUM(I2:I201) -> 1459843.6 | J202: =SUM(J2:J201) -> 0

Sheet Bank_Entries
A1: Bank Entry ID | B1: Bank UTR Ref | C1: Settlement Ref | D1: Transaction Ref | E1: Merchant ID | F1: Value Date | G1: Credit Amount | H1: Debit Amount | I1: Signed Bank Amount [Auto]
A2: BNK_2026_000001 | B2: UTR20260000001 | C2: STLREF_000001 | D2: TXN_2026_000001 | E2: MERCH_1001 | F2: 2026-09-02 | G2: 411.94 | H2: 0 | I2: =ROUND(G2-H2, 2) -> 411.94
A3: BNK_2026_000002 | B3: UTR20260000002 | C3: STLREF_000002 | D3: TXN_2026_000002 | E3: MERCH_1002 | F3: 2026-09-03 | G3: 584.96 | H3: 0 | I3: =ROUND(G3-H3, 2) -> 584.96
A4: BNK_2026_000003 | B4: UTR20260000003 | C4: STLREF_000003 | D4: TXN_2026_000003 | E4: MERCH_1003 | F4: 2026-09-07 | G4: 746.34 | H4: 0 | I4: =ROUND(G4-H4, 2) -> 746.34
A5: BNK_2026_000004 | B5: UTR20260000004 | C5: STLREF_000004 | D5: TXN_2026_000004 | E5: MERCH_1004 | F5: 2026-09-08 | G5: 920.34 | H5: 0 | I5: =ROUND(G5-H5, 2) -> 920.34
A6: BNK_2026_000005 | B6: UTR20260000005 | C6: STLREF_000005 | D6: TXN_2026_000005 | E6: MERCH_1005 | F6: 2026-09-08 | G6: 1086.17 | H6: 0 | I6: =ROUND(G6-H6, 2) -> 1086.17
A7: BNK_2026_000006 | B7: UTR20260000006 | C7: STLREF_000006 | D7: TXN_2026_000006 | E7: MERCH_1006 | F7: 2026-09-08 | G7: 1257.48 | H7: 0 | I7: =ROUND(G7-H7, 2) -> 1257.48
A8: BNK_2026_000007 | B8: UTR20260000007 | C8: STLREF_000007 | D8: TXN_2026_000007 | E8: MERCH_1007 | F8: 2026-09-08 | G8: 1433.39 | H8: 0 | I8: =ROUND(G8-H8, 2) -> 1433.39
A9: BNK_2026_000008 | B9: UTR20260000008 | C9: STLREF_000008 | D9: TXN_2026_000008 | E9: MERCH_1008 | F9: 2026-09-10 | G9: 1583.91 | H9: 0 | I9: =ROUND(G9-H9, 2) -> 1583.91
A10: BNK_2026_000009 | B10: UTR20260000009 | C10: STLREF_000009 | D10: TXN_2026_000009 | E10: MERCH_1009 | F10: 2026-09-10 | G10: 1777.64 | H10: 0 | I10: =ROUND(G10-H10, 2) -> 1777.64
A11: BNK_2026_000010 | B11: UTR20260000010 | C11: STLREF_000010 | D11: TXN_2026_000010 | E11: MERCH_1010 | F11: 2026-09-14 | G11: 1929.45 | H11: 0 | I11: =ROUND(G11-H11, 2) -> 1929.45
A12: BNK_2026_000011 | B12: UTR20260000011 | C12: STLREF_000011 | D12: TXN_2026_000011 | E12: MERCH_1011 | F12: 2026-09-15 | G12: 2103.83 | H12: 0 | I12: =ROUND(G12-H12, 2) -> 2103.83
A13: BNK_2026_000012 | B13: UTR20260000012 | C13: STLREF_000012 | D13: TXN_2026_000012 | E13: MERCH_1012 | F13: 2026-09-14 | G13: 2280.79 | H13: 0 | I13: =ROUND(G13-H13, 2) -> 2280.79
... A201: BNK_2026_000200 | B201: UTR20260000200 | C201: STLREF_000200 | D201: TXN_2026_000200 | E201: MERCH_1025 | F201: 2026-10-21 | G201: 16304.41 | H201: 0 | I201: =ROUND(G201-H201, 2) -> 16304.41
A202: Total | B202: ALL | C202: ALL | D202: ALL | E202: ALL | F202: ALL | G202: =SUM(G2:G201) -> 1753891.6 | H202: =SUM(H2:H201) -> 0 | I202: =SUM(I2:I201) -> 1753891.6

Sheet Refunds
A1: Refund ID | B1: Original Txn ID | C1: Refund Ref | D1: Merchant ID | E1: Refund Status | F1: Refund Reason | G1: Requested Refund (INR) | H1: Settled Deduction (INR) | I1: Refund Variance [Auto]
A2: REF_2026_00001 | B2: TXN_2026_009856 | C2: REFREF_00001 | D2: MERCH_1006 | E2: PROCESSED_MISMATCH | F2: CUSTOMER_RETURN_PARTIAL | G2: 2426.47 | H2: 3639.71 | I2: =ROUND(H2-G2, 2) -> 1213.24
A3: REF_2026_00002 | B3: TXN_2026_009857 | C3: REFREF_00002 | D3: MERCH_1007 | E3: PROCESSED_MISMATCH | F3: CUSTOMER_RETURN_PARTIAL | G3: 2478.46 | H3: 3717.69 | I3: =ROUND(H3-G3, 2) -> 1239.23
A4: REF_2026_00003 | B4: TXN_2026_009858 | C4: REFREF_00003 | D4: MERCH_1008 | E4: PROCESSED_MISMATCH | F4: CUSTOMER_RETURN_PARTIAL | G4: 2530.45 | H4: 3795.67 | I4: =ROUND(H4-G4, 2) -> 1265.22
A5: REF_2026_00004 | B5: TXN_2026_009859 | C5: REFREF_00004 | D5: MERCH_1009 | E5: PROCESSED_MISMATCH | F5: CUSTOMER_RETURN_PARTIAL | G5: 2582.13 | H5: 3873.2 | I5: =ROUND(H5-G5, 2) -> 1291.07
A6: REF_2026_00005 | B6: TXN_2026_009860 | C6: REFREF_00005 | D6: MERCH_1010 | E6: PROCESSED_MISMATCH | F6: CUSTOMER_RETURN_PARTIAL | G6: 2634.12 | H6: 3951.18 | I6: =ROUND(H6-G6, 2) -> 1317.06
A7: REF_2026_00006 | B7: TXN_2026_009861 | C7: REFREF_00006 | D7: MERCH_1011 | E7: PROCESSED_MISMATCH | F7: CUSTOMER_RETURN_PARTIAL | G7: 2686.11 | H7: 4029.16 | I7: =ROUND(H7-G7, 2) -> 1343.05
A8: REF_2026_00007 | B8: TXN_2026_009862 | C8: REFREF_00007 | D8: MERCH_1012 | E8: PROCESSED_MISMATCH | F8: CUSTOMER_RETURN_PARTIAL | G8: 2738.09 | H8: 4107.14 | I8: =ROUND(H8-G8, 2) -> 1369.05
A9: REF_2026_00008 | B9: TXN_2026_009863 | C9: REFREF_00008 | D9: MERCH_1013 | E9: PROCESSED_MISMATCH | F9: CUSTOMER_RETURN_PARTIAL | G9: 2789.78 | H9: 4184.67 | I9: =ROUND(H9-G9, 2) -> 1394.89
A10: REF_2026_00009 | B10: TXN_2026_009864 | C10: REFREF_00009 | D10: MERCH_1014 | E10: PROCESSED_MISMATCH | F10: CUSTOMER_RETURN_PARTIAL | G10: 2841.77 | H10: 4262.65 | I10: =ROUND(H10-G10, 2) -> 1420.88
A11: REF_2026_00010 | B11: TXN_2026_009865 | C11: REFREF_00010 | D11: MERCH_1015 | E11: PROCESSED_MISMATCH | F11: CUSTOMER_RETURN_PARTIAL | G11: 2893.76 | H11: 4340.63 | I11: =ROUND(H11-G11, 2) -> 1446.87
A12: REF_2026_00011 | B12: TXN_2026_009866 | C12: REFREF_00011 | D12: MERCH_1016 | E12: PROCESSED_MISMATCH | F12: CUSTOMER_RETURN_PARTIAL | G12: 2945.44 | H12: 4418.16 | I12: =ROUND(H12-G12, 2) -> 1472.72
A13: REF_2026_00012 | B13: TXN_2026_009867 | C13: REFREF_00012 | D13: MERCH_1017 | E13: PROCESSED_MISMATCH | F13: CUSTOMER_RETURN_PARTIAL | G13: 2997.43 | H13: 4496.14 | I13: =ROUND(H13-G13, 2) -> 1498.71
... A201: REF_2026_00200 | B201: TXN_2026_000205 | C201: REFREF_00200 | D201: MERCH_1005 | E201: PROCESSED_CLEAN_STANDALONE | F201: CUSTOMER_RETURN | G201: 2619.82 | H201: 2619.82 | I201: =ROUND(H201-G201, 2) -> 0
A202: Total | B202: ALL | C202: ALL | D202: ALL | E202: ALL | F202: ALL | G202: =SUM(G2:G201) -> 432970.19 | H202: =SUM(H2:H201) -> 472250.31 | I202: =SUM(I2:I201) -> 39280.12

Sheet Merchants
A1: Merchant ID | B1: Merchant Name | C1: Category | D1: Region | E1: Gateway | F1: MDR Rate | G1: Fixed Fee (INR) | H1: Total Cases | I1: Exception Count | J1: Unresolved Exposure (INR)
A2: MERCH_1001 | B2: Aarav Digital Retail Pvt Ltd | C2: E-Commerce & Retail | D2: West | E2: AxisPay_Gateway | F2: 0.018 | G2: 2 | H2: 400 | I2: 32 | J2: 138536.21
A3: MERCH_1002 | B3: BharatMart Hypermarkets | C3: Grocery & Essentials | D3: North | E3: HDFC_SmartHub | F3: 0.014 | G3: 1.5 | H3: 400 | I3: 32 | J3: 142028.29
A4: MERCH_1003 | B4: CloudPulse SaaS India | C4: Software & B2B SaaS | D4: South | E4: ICICI_PaySeal | F4: 0.022 | G4: 3 | H4: 400 | I4: 32 | J4: 143508.73
A5: MERCH_1004 | B5: Deccan Express Logistics | C5: Logistics & Supply Chain | D5: South | E5: RazorFlow_India | F5: 0.0175 | G5: 2 | H5: 400 | I5: 32 | J5: 147110.18
A6: MERCH_1005 | B6: ElectroPrime Appliances | C6: Consumer Electronics | D6: West | E6: AxisPay_Gateway | F6: 0.02 | G6: 2.5 | H6: 400 | I6: 32 | J6: 149499.29
A7: MERCH_1006 | B7: FabVogue Fashion Co | C7: Apparel & Lifestyle | D7: North | E7: HDFC_SmartHub | F7: 0.019 | G7: 2 | H7: 400 | I7: 32 | J7: 147603.62
A8: MERCH_1007 | B8: GreenVeda Wellness Ltd | C8: Healthcare & Pharmacy | D8: East | E8: ICICI_PaySeal | F8: 0.015 | G8: 1.5 | H8: 400 | I8: 32 | J8: 151303.73
A9: MERCH_1008 | B9: Horizon Sky Travel & Stays | C9: Travel & Hospitality | D9: West | E9: RazorFlow_India | F9: 0.024 | G9: 3.5 | H9: 400 | I9: 32 | J9: 152670.74
A10: MERCH_1009 | B10: Indus MedCare Diagnostics | C10: Healthcare & Pharmacy | D10: South | E10: AxisPay_Gateway | F10: 0.0135 | G10: 1 | H10: 400 | I10: 32 | J10: 157605.14
A11: MERCH_1010 | B11: Jaipur Heritage Artisans | C11: Home & Specialty Retail | D11: North | E11: HDFC_SmartHub | F11: 0.021 | G11: 2 | H11: 400 | I11: 32 | J11: 159211.95
A12: MERCH_1011 | B12: Kaveri EdTech Academy | C12: Education & Upskilling | D12: South | E12: ICICI_PaySeal | F12: 0.0185 | G12: 2 | H12: 400 | I12: 32 | J12: 139106.67
A13: MERCH_1012 | B13: Lotus Gourmet Hospitality | C13: Food & Dining | D13: West | E13: RazorFlow_India | F13: 0.016 | G13: 1.5 | H13: 400 | I13: 32 | J13: 142250.42
... A26: MERCH_1025 | B26: Apex OmniChannel Retail | C26: Department Stores | D26: East | E26: AxisPay_Gateway | F26: 0.015 | G26: 1.5 | H26: 399 | I26: 31 | J26: 140005.91
A27: Total | B27: ALL | C27: ALL | D27: ALL | E27: ALL | F27: =AVERAGE(F2:F26) -> 0.01854 | G27: =SUM(G2:G26) -> 52 | H27: =SUM(H2:H26) -> 9990 | I27: =SUM(I2:I26) -> 790 | J27: =SUM(J2:J26) -> 3658171.8

Sheet Data_Quality
A1: Dataset Name | B1: Raw Ingested Rows | C1: Validated Rows | D1: Quarantined Rows | E1: Suppressed Dups | F1: Row Check [Auto] | G1: Raw INR Value | H1: Validated INR Value | I1: Quarantined INR | J1: Suppressed Dup INR | K1: Unexplained Diff [Auto]
A2: TRANSACTIONS | B2: 9955 | C2: 9885 | D2: 45 | E2: 25 | F2: =B2-(C2+D2+E2) -> 0 | G2: 92603168 | H2: 92279608 | I2: 261072.57 | J2: 62487.25 | K2: =ROUND(G2-(H2+I2+J2), 2) -> 0
A3: SETTLEMENTS | B3: 10090 | C3: 10065 | D3: 0 | E3: 25 | F3: =B3-(C3+D3+E3) -> 0 | G3: 89957943 | H3: 89896891 | I3: 0 | J3: 61052.28 | K3: =ROUND(G3-(H3+I3+J3), 2) -> 0
A4: BANK_ENTRIES | B4: 10070 | C4: 10070 | D4: 0 | E4: 0 | F4: =B4-(C4+D4+E4) -> 0 | G4: 90147315 | H4: 90147315 | I4: 0 | J4: 0 | K4: =ROUND(G4-(H4+I4+J4), 2) -> 0
A5: REFUNDS | B5: 250 | C5: 250 | D5: 0 | E5: 0 | F5: =B5-(C5+D5+E5) -> 0 | G5: 473860.24 | H5: 473860.24 | I5: 0 | J5: 0 | K5: =ROUND(G5-(H5+I5+J5), 2) -> 0
A6: MERCHANTS | B6: 25 | C6: 25 | D6: 0 | E6: 0 | F6: =B6-(C6+D6+E6) -> 0 | G6: 0 | H6: 0 | I6: 0 | J6: 0 | K6: =ROUND(G6-(H6+I6+J6), 2) -> 0
A7: Total | B7: =SUM(B2:B6) -> 30390 | C7: =SUM(C2:C6) -> 30295 | D7: =SUM(D2:D6) -> 45 | E7: =SUM(E2:E6) -> 50 | F7: =SUM(F2:F6) -> 0 | G7: =SUM(G2:G6) -> 2.7318229e+08 | H7: =SUM(H2:H6) -> 2.7279768e+08 | I7: =SUM(I2:I6) -> 261072.57 | ... K7: =SUM(K2:K6) -> 0

Sheet Reconciliation
A1: Case / Source ID | B1: Merchant ID | C1: Gateway | D1: Rule ID | E1: Classification | F1: Outcome Group | G1: Expected Net (INR) | H1: Observed Net (INR) | I1: Signed Variance [Auto] | J1: Abs Variance [Auto] | K1: Tolerance Check [Auto]
A2: TXN_2026_009201 | B2: MERCH_1001 | C2: AxisPay_Gateway | D2: R4_TIMING | E2: LATE_SETTLEMENT | F2: EXCEPTION | G2: 4180.16 | H2: 4180.16 | I2: =ROUND(H2-G2, 2) -> 0 | J2: =ABS(I2) -> 0 | K2: =IF(J2<=Config!$B$2, "PASS", "FAIL") -> PASS
A3: TXN_2026_009202 | B3: MERCH_1002 | C3: HDFC_SmartHub | D3: R4_TIMING | E3: LATE_SETTLEMENT | F3: EXCEPTION | G3: 4371.35 | H3: 4371.35 | I3: =ROUND(H3-G3, 2) -> 0 | J3: =ABS(I3) -> 0 | K3: =IF(J3<=Config!$B$2, "PASS", "FAIL") -> PASS
A4: TXN_2026_009203 | B4: MERCH_1003 | C4: ICICI_PaySeal | D4: R4_TIMING | E4: LATE_SETTLEMENT | F4: EXCEPTION | G4: 4496.39 | H4: 4496.39 | I4: =ROUND(H4-G4, 2) -> 0 | J4: =ABS(I4) -> 0 | K4: =IF(J4<=Config!$B$2, "PASS", "FAIL") -> PASS
A5: TXN_2026_009204 | B5: MERCH_1004 | C5: RazorFlow_India | D5: R4_TIMING | E5: LATE_SETTLEMENT | F5: EXCEPTION | G5: 4690.85 | H5: 4690.85 | I5: =ROUND(H5-G5, 2) -> 0 | J5: =ABS(I5) -> 0 | K5: =IF(J5<=Config!$B$2, "PASS", "FAIL") -> PASS
A6: TXN_2026_009205 | B6: MERCH_1005 | C6: AxisPay_Gateway | D6: R4_TIMING | E6: LATE_SETTLEMENT | F6: EXCEPTION | G6: 4845.31 | H6: 4845.31 | I6: =ROUND(H6-G6, 2) -> 0 | J6: =ABS(I6) -> 0 | K6: =IF(J6<=Config!$B$2, "PASS", "FAIL") -> PASS
A7: TXN_2026_009206 | B7: MERCH_1006 | C7: HDFC_SmartHub | D7: R4_TIMING | E7: LATE_SETTLEMENT | F7: EXCEPTION | G7: 5021.16 | H7: 5021.16 | I7: =ROUND(H7-G7, 2) -> 0 | J7: =ABS(I7) -> 0 | K7: =IF(J7<=Config!$B$2, "PASS", "FAIL") -> PASS
A8: TXN_2026_009207 | B8: MERCH_1007 | C8: ICICI_PaySeal | D8: R4_TIMING | E8: LATE_SETTLEMENT | F8: EXCEPTION | G8: 5215.25 | H8: 5215.25 | I8: =ROUND(H8-G8, 2) -> 0 | J8: =ABS(I8) -> 0 | K8: =IF(J8<=Config!$B$2, "PASS", "FAIL") -> PASS
A9: TXN_2026_009208 | B9: MERCH_1008 | C9: RazorFlow_India | D9: R4_TIMING | E9: LATE_SETTLEMENT | F9: EXCEPTION | G9: 5324.88 | H9: 5324.88 | I9: =ROUND(H9-G9, 2) -> 0 | J9: =ABS(I9) -> 0 | K9: =IF(J9<=Config!$B$2, "PASS", "FAIL") -> PASS
A10: TXN_2026_009209 | B10: MERCH_1009 | C10: AxisPay_Gateway | D10: R4_TIMING | E10: LATE_SETTLEMENT | F10: EXCEPTION | G10: 5566.3 | H10: 5566.3 | I10: =ROUND(H10-G10, 2) -> 0 | J10: =ABS(I10) -> 0 | K10: =IF(J10<=Config!$B$2, "PASS", "FAIL") -> PASS
A11: TXN_2026_009210 | B11: MERCH_1010 | C11: HDFC_SmartHub | D11: R4_TIMING | E11: LATE_SETTLEMENT | F11: EXCEPTION | G11: 5684.05 | H11: 5684.05 | I11: =ROUND(H11-G11, 2) -> 0 | J11: =ABS(I11) -> 0 | K11: =IF(J11<=Config!$B$2, "PASS", "FAIL") -> PASS
A12: TXN_2026_009211 | B12: MERCH_1011 | C12: ICICI_PaySeal | D12: R4_TIMING | E12: LATE_SETTLEMENT | F12: EXCEPTION | G12: 5869.78 | H12: 5869.78 | I12: =ROUND(H12-G12, 2) -> 0 | J12: =ABS(I12) -> 0 | K12: =IF(J12<=Config!$B$2, "PASS", "FAIL") -> PASS
A13: TXN_2026_009212 | B13: MERCH_1012 | C13: RazorFlow_India | D13: R4_TIMING | E13: LATE_SETTLEMENT | F13: EXCEPTION | G13: 6058.1 | H13: 6058.1 | I13: =ROUND(H13-G13, 2) -> 0 | J13: =ABS(I13) -> 0 | K13: =IF(J13<=Config!$B$2, "PASS", "FAIL") -> PASS
... A151: TXN_2026_009350 | B151: MERCH_1025 | C151: AxisPay_Gateway | D151: R4_TIMING | E151: LATE_SETTLEMENT | F151: EXCEPTION | G151: 11589.86 | H151: 11589.86 | I151: =ROUND(H151-G151, 2) -> 0 | J151: =ABS(I151) -> 0 | K151: =IF(J151<=Config!$B$2, "PASS", "FAIL") -> PASS
A152: Total | B152: ALL | C152: ALL | D152: ALL | E152: ALL | F152: ALL | G152: =SUM(G2:G151) -> 1321548.2 | H152: =SUM(H2:H151) -> 1321548.2 | I152: =SUM(I2:I151) -> 0 | J152: =SUM(J2:J151) -> 0 | K152: ALL

Sheet Exception_Register
A1: Exception ID | B1: Source Record ID | C1: Merchant ID | D1: Gateway | E1: Exception Category | F1: Rule ID | G1: Expected (INR) | H1: Observed (INR) | I1: Signed Var [Auto] | J1: Unresolved Exposure [Auto] | K1: Age (Days) | L1: Status
A2: EXC_00001 | B2: TXN_2026_009201 | C2: MERCH_1001 | D2: AxisPay_Gateway | E2: LATE_SETTLEMENT | F2: R4_TIMING | G2: 4180.16 | H2: 4180.16 | I2: =ROUND(H2-G2, 2) -> 0 | J2: =IF(L2="RESOLVED", 0, ABS(I2)) -> 0 | K2: 4 | L2: RESOLVED
A3: EXC_00002 | B3: TXN_2026_009202 | C3: MERCH_1002 | D3: HDFC_SmartHub | E3: LATE_SETTLEMENT | F3: R4_TIMING | G3: 4371.35 | H3: 4371.35 | I3: =ROUND(H3-G3, 2) -> 0 | J3: =IF(L3="RESOLVED", 0, ABS(I3)) -> 0 | K3: 4 | L3: RESOLVED
A4: EXC_00003 | B4: TXN_2026_009203 | C4: MERCH_1003 | D4: ICICI_PaySeal | E4: LATE_SETTLEMENT | F4: R4_TIMING | G4: 4496.39 | H4: 4496.39 | I4: =ROUND(H4-G4, 2) -> 0 | J4: =IF(L4="RESOLVED", 0, ABS(I4)) -> 0 | K4: 4 | L4: RESOLVED
A5: EXC_00004 | B5: TXN_2026_009204 | C5: MERCH_1004 | D5: RazorFlow_India | E5: LATE_SETTLEMENT | F5: R4_TIMING | G5: 4690.85 | H5: 4690.85 | I5: =ROUND(H5-G5, 2) -> 0 | J5: =IF(L5="RESOLVED", 0, ABS(I5)) -> 0 | K5: 4 | L5: RESOLVED
A6: EXC_00005 | B6: TXN_2026_009205 | C6: MERCH_1005 | D6: AxisPay_Gateway | E6: LATE_SETTLEMENT | F6: R4_TIMING | G6: 4845.31 | H6: 4845.31 | I6: =ROUND(H6-G6, 2) -> 0 | J6: =IF(L6="RESOLVED", 0, ABS(I6)) -> 0 | K6: 4 | L6: RESOLVED
A7: EXC_00006 | B7: TXN_2026_009206 | C7: MERCH_1006 | D7: HDFC_SmartHub | E7: LATE_SETTLEMENT | F7: R4_TIMING | G7: 5021.16 | H7: 5021.16 | I7: =ROUND(H7-G7, 2) -> 0 | J7: =IF(L7="RESOLVED", 0, ABS(I7)) -> 0 | K7: 4 | L7: RESOLVED
A8: EXC_00007 | B8: TXN_2026_009207 | C8: MERCH_1007 | D8: ICICI_PaySeal | E8: LATE_SETTLEMENT | F8: R4_TIMING | G8: 5215.25 | H8: 5215.25 | I8: =ROUND(H8-G8, 2) -> 0 | J8: =IF(L8="RESOLVED", 0, ABS(I8)) -> 0 | K8: 4 | L8: RESOLVED
A9: EXC_00008 | B9: TXN_2026_009208 | C9: MERCH_1008 | D9: RazorFlow_India | E9: LATE_SETTLEMENT | F9: R4_TIMING | G9: 5324.88 | H9: 5324.88 | I9: =ROUND(H9-G9, 2) -> 0 | J9: =IF(L9="RESOLVED", 0, ABS(I9)) -> 0 | K9: 4 | L9: RESOLVED
A10: EXC_00009 | B10: TXN_2026_009209 | C10: MERCH_1009 | D10: AxisPay_Gateway | E10: LATE_SETTLEMENT | F10: R4_TIMING | G10: 5566.3 | H10: 5566.3 | I10: =ROUND(H10-G10, 2) -> 0 | J10: =IF(L10="RESOLVED", 0, ABS(I10)) -> 0 | K10: 4 | L10: RESOLVED
A11: EXC_00010 | B11: TXN_2026_009210 | C11: MERCH_1010 | D11: HDFC_SmartHub | E11: LATE_SETTLEMENT | F11: R4_TIMING | G11: 5684.05 | H11: 5684.05 | I11: =ROUND(H11-G11, 2) -> 0 | J11: =IF(L11="RESOLVED", 0, ABS(I11)) -> 0 | K11: 4 | L11: RESOLVED
A12: EXC_00011 | B12: TXN_2026_009211 | C12: MERCH_1011 | D12: ICICI_PaySeal | E12: LATE_SETTLEMENT | F12: R4_TIMING | G12: 5869.78 | H12: 5869.78 | I12: =ROUND(H12-G12, 2) -> 0 | J12: =IF(L12="RESOLVED", 0, ABS(I12)) -> 0 | K12: 4 | L12: RESOLVED
A13: EXC_00012 | B13: TXN_2026_009212 | C13: MERCH_1012 | D13: RazorFlow_India | E13: LATE_SETTLEMENT | F13: R4_TIMING | G13: 6058.1 | H13: 6058.1 | I13: =ROUND(H13-G13, 2) -> 0 | J13: =IF(L13="RESOLVED", 0, ABS(I13)) -> 0 | K13: 4 | L13: RESOLVED
... A251: EXC_00250 | B251: TXN_2026_009450 | C251: MERCH_1025 | D251: AxisPay_Gateway | E251: MISSING_SETTLEMENT | F251: R7_MISSING | G251: 10656.67 | H251: 0 | I251: =ROUND(H251-G251, 2) -> -10656.67 | J251: =IF(L251="RESOLVED", 0, ABS(I251)) -> 10656.67 | K251: 5 | L251: OPEN
A252: Total | B252: ALL | C252: ALL | D252: ALL | E252: ALL | F252: ALL | G252: =SUM(G2:G251) -> 2223366 | H252: =SUM(H2:H251) -> 1978666 | I252: =SUM(I2:I251) -> -244699.97 | J252: =SUM(J2:J251) -> 51352.47 | K252: =SUM(K2:K251) -> 5705 | L252: ALL

Sheet KPI_Results
A1: KPI ID | B1: Category | C1: KPI Name | D1: Actual Verified Value | E1: Unit | F1: Formula Definition | G1: Eligible Population | H1: Currency
A2: KPI_VOL_01 | B2: Volume | C2: Total Raw Transaction Count | D2: 9955 | E2: Records | F2: COUNT(*) FROM raw_staging.stg_transactions | G2: All raw ingested transaction rows | H2: ALL
A3: KPI_VOL_02 | B3: Volume | C3: Validated Distinct Transaction Count | D3: 9885 | E3: Transactions | F3: COUNT(DISTINCT transaction_id) FROM validated.transactions | G3: Validated INR ledger transactions | H3: INR
A4: KPI_VOL_03 | B4: Volume | C4: Distinct Customer Count | D4: 3200 | E4: Customers | F4: COUNT(DISTINCT customer_id) FROM validated.transactions | G4: Validated ledger transactions | H4: INR
A5: KPI_VOL_04 | B5: Volume | C5: Distinct Merchant Count | D5: 25 | E5: Merchants | F5: COUNT(DISTINCT merchant_id) FROM validated.merchants | G5: Active onboarded merchants | H5: INR
A6: KPI_VOL_05 | B6: Volume | C6: Validated Settlement Record Count | D6: 10065 | E6: Records | F6: COUNT(*) FROM validated.settlements | G6: Deduplicated settlement lines | H6: INR
A7: KPI_VOL_06 | B7: Volume | C7: Validated Bank-Entry Count | D7: 10070 | E7: Records | F7: COUNT(*) FROM validated.bank_entries | G7: Validated bank statement rows | H7: INR
A8: KPI_VOL_07 | B8: Volume | C8: Validated Refund Count | D8: 250 | E8: Records | F8: COUNT(*) FROM validated.refunds | G8: Validated refund records | H8: INR
A9: KPI_VOL_08 | B9: Volume | C9: Reconciliation Evaluated Record Count | D9: 10000 | E9: Cases | F9: COUNT(*) FROM reconciliation.reconciliation_matches | G9: All 10,000 evaluated cases (txns + orphans + quarantined) | H9: INR
A10: KPI_VOL_09 | B10: Volume | C10: Total Distinct Exception Count | D10: 800 | E10: Exceptions | F10: COUNT(DISTINCT exception_id) FROM reconciliation.exceptions | G10: All detected reconciliation & DQ exceptions | H10: INR
A11: KPI_VOL_10 | B11: Volume | C11: Quarantined Source Record Count | D11: 45 | E11: Records | F11: COUNT(*) FROM raw_staging.quarantine_records | G11: Records failing schema/currency/amount validation | H11: ALL
A12: KPI_VOL_11 | B12: Volume | C12: Suppressed Duplicate Ingestion Count | D12: 50 | E12: Records | F12: Raw rows minus deduplicated staging rows | G12: Replay rows suppressed at ingestion (25 txn + 25 stl) | H12: INR
A13: KPI_FIN_01 | B13: Financial | C13: Total Validated Gross Transaction Value | D13: 92279608 | E13: INR | F13: SUM(transaction_amount) FROM validated.transactions | G13: 9,885 validated INR ledger transactions | H13: INR
... A55: KPI_GT_04 | B55: Ground Truth QA | C55: Clean-Record False-Positive Rate | D55: 0 | E55: % | F55: (Clean Records Flagged as Exception / 9,200 Clean Cases) * 100 | G55: 9,200 clean match cases | H55: N/A

Sheet Summary
A1: Classification / Category | B1: Outcome Group / Rule | C1: Record Count | D1: Unresolved Count | E1: Resolved Count | F1: Expected Net (INR) | G1: Unresolved Exposure (INR) | H1: Confirmed Loss (INR)
A2: MATCHED_EXACT | B2: R1_EXACT | C2: 8440 | D2: 0 | E2: 0 | F2: 77346926 | G2: 0 | H2: 0
A3: MATCHED_WITH_VARIANCE | B3: R2_TOLERANCE | C3: 360 | D3: 0 | E3: 0 | F3: 3294891.1 | G3: 0 | H3: 0
A4: MATCHED_FEE_ADJUSTED | B4: R3_FEE_ADJUSTED | C4: 250 | D4: 0 | E4: 0 | F4: 2295911.5 | G4: 0 | H4: 0
A5: MATCHED_PARTIAL | B5: R5_PARTIAL | C5: 150 | D5: 0 | E5: 0 | F5: 1378870.2 | G5: 0 | H5: 0
A6: MISSING_SETTLEMENT | B6: R7_MISSING | C6: 140 | D6: 115 | E6: 25 | F6: 1266745.2 | G6: 1073397.7 | H6: 106958.21
A7: MISSING_LEDGER | B7: R7_MISSING | C7: 70 | D7: 70 | E7: 0 | F7: 0 | G7: 764719.96 | H7: 0
A8: DUPLICATE_CONFIRMED | B8: R6_DUPLICATE | C8: 100 | D8: 80 | E8: 20 | F8: 917182.4 | G8: 672762.41 | H8: 0
A9: PARTIALLY_SETTLED | B9: R5_PARTIAL | C9: 60 | D9: 60 | E9: 0 | F9: 702066.04 | G9: 280826.42 | H9: 0
A10: AMBIGUOUS_MATCH | B10: R8_AMBIGUOUS | C10: 35 | D10: 35 | E10: 0 | F10: 170213.58 | G10: 170213.58 | H10: 0
A11: MISSING_BANK_ENTRY | B11: R7_MISSING | C11: 30 | D11: 30 | E11: 0 | F11: 138177.61 | G11: 138177.61 | H11: 0
A12: MALFORMED_AMOUNT | B12: DQ_VALIDATION | C12: 10 | D12: 10 | E12: 0 | F12: 111271.96 | G12: 111271.96 | H12: 0
A13: INVALID_CURRENCY | B13: DQ_VALIDATION | C13: 8 | D13: 8 | E13: 0 | F13: 110638.9 | G13: 110638.9 | H13: 0
... A23: TIMING_EXCEPTION | B23: R4_TIMING | C23: 60 | D23: 60 | E23: 0 | F23: 532393.93 | G23: 0 | H23: 0
A24: Total | B24: ALL | C24: =SUM(C2:C23) -> 10000 | D24: =SUM(D2:D23) -> 705 | E24: =SUM(E2:E23) -> 95 | F24: =SUM(F2:F23) -> 90736607 | G24: =SUM(G2:G23) -> 3752510.6 | H24: =SUM(H2:H23) -> 126151.24

Sheet Run_Log
A1: Log Entry ID | B1: Run ID | C1: Execution Timestamp | D1: Workflow Step | E1: Execution Status | F1: Version | G1: Audit Details
A2: LOG_0001 | B2: RUN_20261025_001 | C2: 2026-10-25 20:00:01 | D2: SyntheticDataGeneration | E2: COMPLETED | F2: v1.0.0 | G2: Generated 10,000 cases across 28 planted scenarios (Seed=42).
A3: LOG_0002 | B3: RUN_20261025_001 | C3: 2026-10-25 20:00:02 | D3: SchemaValidation | E3: COMPLETED | F3: v1.0.0 | G3: Verified headers & required columns on all 6 CSV files.
A4: LOG_0003 | B4: RUN_20261025_001 | C4: 2026-10-25 20:00:03 | D4: DataQualityAndQuarantine | E4: COMPLETED | F4: v1.0.0 | G4: Validated 9,885 txns; quarantined 45 defects; suppressed 50 replay rows.
A5: LOG_0004 | B5: RUN_20261025_001 | C5: 2026-10-25 20:00:04 | D5: DatabaseLoading | E5: COMPLETED | F5: v1.0.0 | G5: Loaded staging and validated tables with 0.00 INR conservation diff.
A6: LOG_0005 | B6: RUN_20261025_001 | C6: 2026-10-25 20:00:06 | D6: SQLReconciliationEngine | E6: COMPLETED | F6: RULE_SET_2026_10_v1 | G6: Classified 9,200 matched and 800 exceptions across rules R1-R9.
A7: LOG_0006 | B7: RUN_20261025_001 | C7: 2026-10-25 20:00:08 | D7: GroundTruthVerification | E7: COMPLETED | F7: v1.0.0-GT | G7: Verified 100.00% classification accuracy (10,000/10,000) and 0 false positives.
A8: LOG_0007 | B8: RUN_20261025_001 | C8: 2026-10-25 20:00:10 | D8: WorkbookRecalculation | E8: COMPLETED | F8: LibreOffice-Calc | G8: Recalculated all workbook formulas and validated zero formula errors.

Sheet Config
A1: Parameter Key | B1: Parameter Value | C1: Unit / Type | D1: Rule Reference | E1: Description & Governance Policy
A2: TOLERANCE_INR | B2: 1 | C2: INR | D2: R2_TOLERANCE | E2: Project assumption for INR minor variance matching (+/- 1.00 INR)
A3: SLA_BUSINESS_DAYS | B3: 2 | C3: Business Days | D3: R4_TIMING | E3: Standard Mon-Fri settlement window before flagging LATE_SETTLEMENT
A4: GST_TAX_RATE | B4: 0.18 | C4: Decimal Rate | D4: R3_FEE_ADJUSTED | E4: 18% Goods and Services Tax applied to gateway MDR fees
A5: RANDOM_SEED | B5: 42 | C5: Integer | D5: Generator | E5: Fixed random seed ensuring 100% deterministic data generation
A6: EVALUATION_POPULATION | B6: 10000 | C6: Cases | D6: Ground Truth | E6: 9,885 Validated Txns + 50 Orphan Stls + 20 Orphan Bank + 45 Quarantined

Sheet Data_Dictionary
A1: Entity / Table | B1: Field Name | C1: Data Type | D1: Key / Constraint | E1: Mandatory | F1: Source System | G1: Business Definition
A2: transactions | B2: transaction_id | C2: VARCHAR(64) | D2: PRIMARY KEY | E2: YES | F2: CORE_SWITCH_LEDGER | G2: Unique payment transaction identifier (^TXN_[0-9]{4}_[0-9]{6}$)
A3: transactions | B3: customer_id | C3: VARCHAR(64) | D3: INDEXED | E3: YES | F3: CORE_SWITCH_LEDGER | G3: Synthetic customer identifier (3,200 distinct customers)
A4: transactions | B4: merchant_id | C4: VARCHAR(32) | D4: FOREIGN KEY | E4: YES | F4: CORE_SWITCH_LEDGER | G4: Merchant identifier linking to validated.merchants
A5: transactions | B5: transaction_amount | C5: NUMERIC(18,2) | D5: CHECK (> 0) | E5: YES | F5: CORE_SWITCH_LEDGER | G5: Gross captured transaction amount in INR
A6: transactions | B6: expected_net_amount | C6: NUMERIC(18,2) | D6: CHECK (> 0) | E6: YES | F6: CORE_SWITCH_LEDGER | G6: Expected net settlement after contracted MDR and 18% GST
A7: settlements | B7: settlement_id | C7: VARCHAR(64) | D7: PRIMARY KEY | E7: YES | F7: GATEWAY_FEED | G7: Unique settlement line identifier (^STL_2026_[0-9]{6}$)
A8: settlements | B8: net_settlement_amount | C8: NUMERIC(18,2) | D8: NOT NULL | E8: YES | F8: GATEWAY_FEED | G8: Observed net payout amount settled by gateway
A9: settlements | B9: total_allocation_lines | C9: INTEGER | D9: CHECK (>= 1) | E9: YES | F9: GATEWAY_FEED | G9: Number of installment lines for partial split settlements (R5)
A10: bank_entries | B10: bank_entry_id | C10: VARCHAR(64) | D10: PRIMARY KEY | E10: YES | F10: BANK_STATEMENT | G10: Unique bank statement line identifier (^BNK_2026_[0-9]{6}$)
A11: bank_entries | B11: signed_bank_amount | C11: NUMERIC(18,2) | D11: NOT NULL | E11: YES | F11: BANK_STATEMENT | G11: Credit amount minus debit amount posted to nodal account
A12: refunds | B12: refund_id | C12: VARCHAR(64) | D12: PRIMARY KEY | E12: YES | F12: REFUND_LEDGER | G12: Unique refund request identifier (^REF_2026_[0-9]{5}$)
... A15: exceptions | B15: confirmed_loss | C15: NUMERIC(18,2) | D15: CHECK (>= 0) | E15: YES | F15: SQL_RECON_ENGINE | G15: Independently evidenced financial write-off loss (separate from exposure)
